,Andaman & Nicobar [AN],Andhra Pradesh [AP],Arunachal Pradesh [AR],Assam [AS],Bihar [BH],Chandigarh [CH],Chhattisgarh [CG],Dadra & Nagar Haveli [DN],Daman & Diu [DD],Delhi [DL],Goa [GO],Gujarat [GU],Haryana [HR],Himachal Pradesh [HP],Jammu & Kashmir [JK],Jharkhand [JH],Karnataka [KR],Kerala [KL],Lakshadweep [LD],Madhya Pradesh [MP],Maharashtra [MH],Manipur [MN],Meghalaya [ML],Mizoram [MM],Nagaland [NL],Orissa [OR],Pondicherry [PC],Punjab [PJ],Rajasthan [RJ],Sikkim [SK],Tamil Nadu [TN],Tripura [TR],Uttar Pradesh [UP],Uttaranchal [UT],West Bengal [WB]
0,Alipur ,Achampet ,Along ,Abhayapuri ,Adhaura ,Chandigarh ,Ambikapur ,Amal ,Brancavare ,Central Delhi ,Canacona ,Ahmedabad ,Adampur Mandi ,Amb ,Akhnoor ,Bagodar ,Afzalpur ,Adimaly ,Agatti Island ,Agar ,Achalpur ,Bishnupur ,Amlaren ,Aizawl ,Dimapur ,Anandapur ,Bahur ,Abohar ,Abu Road ,Barmiak ,Ambasamudram ,Agartala ,Achhnera ,Almora ,Adra 
1,Andaman Island ,Adilabad ,Anini ,Baithalangshu ,Amarpur ,Mani Marja,Antagarh ,Amli ,Dagasi ,East Delhi ,Candolim ,Ahwa ,Ambala ,Arki ,Anantnag ,Baharagora ,Ainapur ,Adoor ,Bingaram Island ,Ajaigarh ,Aheri ,Chakpikarong ,Baghmara ,Champhai ,Jalukie ,Angul ,Karaikal ,Ajnala ,Ahore ,Be ,Anamali ,Ambasa ,Agra ,Bageshwar ,Alipurduar 
2,Anderson Island ,Adoni ,Anjaw ,Barama ,Araria ,,Arang ,Bedpa ,Daman ,New Delhi ,Chinchinim ,Amod ,Assandh ,Banjar ,Badgam ,Balumath ,Aland ,Agathy ,Bitra Island ,Alirajpur ,Ahmednagar ,Chandel ,Cherrapunjee ,Demagiri ,Kiphire ,Anugul ,Mahe ,Amritsar ,Ajmer ,Bhurtuk ,Arakandanallur ,Bampurbari ,Akbarpur ,Bhatwari ,Amlagora 
3,Arainj-Laka-Punga ,Alampur ,Bameng ,Barpeta Road ,Areraj ,,Bacheli ,Chikhli ,Diu ,North Delhi ,Cortalim ,Amreli ,Bahadurgarh ,Bharmour ,Bandipur ,Barhi ,Alur ,Alappuzha ,Chetlat Island ,Amarpatan ,Ahmedpur ,Chattrik ,Dadengiri ,Kolasib ,Kohima ,Aska ,Pondicherry ,Balachaur ,Aklera ,Chhubakha ,Arantangi ,Belonia ,Aliganj ,Chakrata ,Arambagh 
4,Austinabad ,Allagadda ,Basar ,Bihupuria ,Arrah ,,Bagbahera ,Dadra & Nagar Haveli ,Magarvara ,North East Delhi ,Goa ,Anand ,Barara ,Bilaspur ,Baramulla ,Barkagaon ,Anekal ,Alathur ,Kadmat Island ,Amarwada ,Ajara ,Churachandpur ,Garo Hills ,Lawngtlai ,Mokokchung ,Athgarh ,Purnankuppam ,Barnala ,Alwar ,Chidam ,Aravakurichi ,Dhalai ,Aligarh ,Chamoli ,Asansol 
5,Bamboo Flat ,Alur ,Changlang ,Bijni ,Arwal ,,Bagicha ,Dahikhed ,Nagwa ,North West Delhi ,Jua ,Anjar ,Barwala ,Chamba ,Basholi ,Barwadih ,Ankola ,Alleppey ,Kalpeni Island ,Ambah ,Akkalkot ,Imphal ,Jaintia Hills ,Lunglei ,Mon ,Athmallik ,Valudavur ,Batala ,Amber ,Chubha ,Ariyalur ,Dharam Nagar ,Allahabad ,Champawat ,Balurghat 
6,Barren Island ,Amalapuram ,Chowkhem ,Bilasipara ,Aurangabad ,,Baikunthpur ,Dolara ,Pariali ,South Delhi ,Madgaon ,Ankaleshwar ,Bawal ,Churah ,Bedarwah ,Basia ,Arsikere ,Alwaye ,Kavaratti Island ,Anuppur ,Akola ,Jiribam ,Jowai ,Mamit ,Phek ,Attabira ,Villianur ,Bathinda ,Amet ,Chumikteng ,Arkonam ,Kailashahar ,Ambedkar Nagar ,Dehradun ,Bankura 
7,Beadonabad ,Amangallu ,Daporizo ,Bokajan ,Bagaha ,,Balod ,Galonda ,Passo Covo ,South West Delhi ,Mahem ,Babra ,Bawanikhera ,Dalhousie ,Budgam ,Bermo ,Athani ,Amini ,Kiltan Island ,Arone ,Akole ,Kakching ,Khasi Hills ,Saiha ,Tuensang ,Bagdihi ,Yanam ,Chandigarh ,Anupgarh ,Dentam ,Arni ,Kamal Krishnabari ,Amethi ,Deoprayag ,Bardhaman 
8,Betapur ,Anakapalle ,Dibang Valley ,Bokakhat ,Banka ,,Balodabazar ,Kanadi ,,West Delhi ,Mapuca ,Balasinor ,Bhiwani ,Dehra Gopipur ,Doda ,Bhandaria ,Aurad ,Androth ,Lakshadweep Sea ,Ashoknagar ,Akot ,Kalapahar ,Khliehriat ,Serchhip ,Wokha ,Balangir ,,Dasua ,Asind ,Dikchu ,Aruppukottai ,Khopaiyapara ,Amiliya ,Dharchula ,Basirhat 
9,Bindraban ,Anantapur ,Dirang ,Boko ,Banmankhi ,,Balrampur ,Karchond ,,,Marmagao ,Banaskantha ,Charkhidadri ,Hamirpur ,Gulmarg ,Bhawanathpur ,Bableshwar ,Attingal ,Minicoy Island ,Ashta ,Alibagh ,Mao ,Mariang ,,Zunheboto ,Balasore ,,Dinanagar ,Aspur ,Dzongri ,Attur ,Khowai ,Amroha ,Dunda ,Berhampur 
10,Bonington ,Andole ,Hayuliang ,Bongaigaon ,Barachakia ,,Barpalli ,Khadoli ,,,Panji ,Bansada ,Cheeka ,Jogindernagar ,Jammu ,Bishrampur ,Badami ,Badagara ,North Island ,Atner ,Amagaon ,Mulam ,Mawkyrwat ,,,Baleswar ,,Faridkot ,Atru ,Gangtok ,Avanashi ,Phuldungsei ,Anola ,Haldwani ,Bethuadahari 
11,Brookesabad ,Araku ,Huri ,Cachar ,Barauni ,,Basana ,Kharadpada ,,,Ponda ,Bardoli ,Chhachrauli ,Kalpa ,Kalakot ,Bokaro ,Bagalkot ,Bitra ,South Island ,Babaichichli ,Amalner ,Parbung ,Nongpoh ,,,Baliguda ,,Fatehgarh Sahib ,Bagidora ,Gauzing ,Batlagundu ,Radha Kishore Pur ,Atrauli ,Haridwar ,Birbhum 
12,Cadell Point ,Armoor ,Itanagar ,Cachar Hills ,Barh ,,Bastanar ,Kherabari ,,,Sanvordem ,Bareja ,Dabwali ,Kangra ,Kargil ,Bolwa ,Bagepalli ,Calicut ,,Badamalhera ,Ambad ,Sadarhills ,Nongstoin ,,,Balugaon ,,Fazilka ,Bali ,Gyalshing ,Bhavani ,Tripura ,Auraiya ,Joshimath ,Birpara 
13,Calicut ,Asifabad ,Jairampur ,Darrang ,Barosi ,,Bastar ,Kherdi ,,,Terekhol ,Baroda ,Ellenabad ,Kinnaur ,Karnah ,Bundu ,Bailhongal ,Cannanore ,,Badarwsas ,Ambejogai ,Saibom ,Resubelpara ,,,Banaigarh ,,Ferozepur ,Bamanwas ,Hema ,Chengalpattu ,,Azamgarh ,Karan Prayag ,Bishanpur 
14,Chetamale ,Aswaraopet ,Kalaktung ,Dhakuakhana ,Begusarai ,,Bderajpur ,Kothar ,,,,Barwala ,Faridabad ,Kullu ,Kathua ,Chaibasa ,Bangalore ,Chetlet ,,Badnagar ,Amravati ,Sempang ,Ri Bhoi ,,,Bangiriposi ,,Garhashanker ,Banera ,Kerung ,Chengam ,,Baberu ,Kashipur ,Bolpur 
15,Cinque Islands ,Atmakur ,Kameng ,Dhemaji ,Benipatti ,,Bemetara ,Luari ,,,,Bayad ,Fatehabad ,Lahaul ,Kishtwar ,Chainpur ,Bangalore Rural ,Ernakulam ,,Badnawar ,Arjuni Merogaon ,Senapati ,Shillong ,,,Barbil ,,Goindwal ,Bansur ,Lachen ,Chennai ,,Badaun ,Khatima ,Bongoan 
16,Defence Island ,B. Kothakota ,Khonsa ,Dhubri ,Benipur ,,Berla ,Mashat ,,,,Bhachav ,Ferojpur Jhirka ,Mandi ,Kulgam ,Chakardharpur ,Bangarpet ,Idukki ,,Badwani ,Arvi ,Sochumer ,Tura ,,,Bargarh ,,Gurdaspur ,Banswara ,Lachung ,Chidambaram ,,Baghpat ,Kichha ,Bulbulchandi 
17,Digilpur ,Badvel ,Kolaring ,Dibrugarh ,Bettiah ,,Bhairongarh ,Rakholi ,,,,Bhanvad ,Gharaunda ,Nahan ,Kupwara ,Chandil ,Bantwal ,Irinjalakuda ,,Bagli ,Ashti ,Taloulong ,Williamnagar ,,,Baripada ,,Guruharsahai ,Baran ,Lema ,Chingleput ,,Bagpat ,Lansdown ,Burdwan 
18,Dolyganj ,Banaganapalle ,Kurung Kumey ,Digboi ,Bhabhua ,,Bhanupratappur ,Rudana ,,,,Bharuch ,Gohana ,Nalagarh ,Leh ,Chatra ,Basavakalyan ,Kadamath ,,Baihar ,Atpadi ,Tamenglong ,,,,Barkot ,,Hoshiarpur ,Bari ,Lingtam ,Coimbatore ,,Baheri ,Munsiari ,Calcutta 
19,Flat Island ,Bandar ,Lohit ,Diphu ,Bhagalpur ,,Bharathpur ,Saili ,,,,Bhavnagar ,Gurgaon ,Nirmand ,Mahore ,Chavparan ,Basavanabagewadi ,Kalpeni ,,Balaghat ,Aurangabad ,Thinghat ,,,,Basta ,,Jagraon ,Barisadri ,Lungthu ,Courtallam ,,Bahraich ,Mussoorie ,Canning 
20,Geinyale ,Bangarupalem ,Lower Dibang Valley ,Goalpara ,Bhojpur ,,Bhatapara ,Sili ,,,,Bhiloda ,Hansi ,Nurpur ,Nagrota ,Daltonganj ,Basavapatna ,Kalpetta ,,Baldeogarh ,Ausa ,Thoubal ,,,,Berhampur ,,Jalandhar ,Barmer ,Mangan ,Cuddalore ,,Ballia ,Nainital ,Champadanga 
21,Great Coco Island ,Banswada ,Lower Subansiri ,Gohpur ,Bidupur ,,Bhilai ,Silvassa ,,,,Bhuj ,Hisar ,Palampur ,Nobra ,Deoghar ,Belgaum ,Kanhangad ,,Baldi ,Babhulgaon ,Ukhrul ,,,,Betanati ,,Jugial ,Baseri ,Namchi ,Cumbum ,,Balrampur ,Pantnagar ,Contai 
22,Haddo ,Bapatla ,Mariyang ,Golaghat ,Biharsharif ,,Bhilaigarh ,Sindavni ,,,,Billimora ,Jagadhari ,Pangi ,Nowshera ,Dhanbad ,Bellary ,Kanjirapally ,,Bamori ,Balapur ,,,,,Bhadrak ,,Kapurthala ,Bassi ,Namthang ,Denkanikoitah ,,Banda ,Partapnagar ,Cooch Behar 
23,Havelock Island ,Bellampalli ,Mechuka ,Guwahati ,Bikram ,,Bhopalpatnam ,Udva ,,,,Borsad ,Jatusana ,Paonta ,Nyoma ,Dumka ,Belthangady ,Kannur ,,Banda ,Baramati ,,,,,Bhanjanagar ,,Kharar ,Baswa ,Nanga ,Devakottai ,,Bansdeeh ,Pauri Garhwal ,Daimond Harbour 
24,Henry Lawrence Island ,Bhadrachalam ,Miao ,Hailakandi ,Bikramganj ,,Bijapur ,Umbarkoi ,,,,Botad ,Jhajjar ,Pooh ,Padam ,Dumri ,Belur ,Karungapally ,,Bandhavgarh ,Barshi Takli ,,,,,Bhawanipatna ,,Kotkapura ,Bayana ,Nantang ,Dharampuram ,,Bansgaon ,Pithoragarh ,Dalkhola 
25,Herbertabad ,Bhainsa ,Nefra ,Hajo ,Birpur ,,Bilaspur ,Vansda ,,,,Chanasma ,Jind ,Rajgarh ,Pahalgam ,Garhwa ,Bhadravati ,Kasargode ,,Bareli ,Barsi ,,,,,Bhubaneswar ,,Ludhiana ,Beawar ,Naya Bazar ,Dharmapuri ,,Bansi ,Purola ,Dantan 
26,Hobdaypur ,Bheemunipatnam ,Pakkekesang ,Halflong ,Buxar ,,Bodla ,Vasona ,,,,Chhota Udaipur ,Julana ,Rampur Bushahar ,Patnitop ,Garu ,Bhalki ,Kavarathy ,,Baroda ,Basmatnagar ,,,,,Birmaharajpur ,,Malaut ,Begun ,Padamachen ,Dindigul ,,Barabanki ,Rajgarh ,Darjeeling 
27,Ilichar ,Bhimadole ,Pangin ,Hojai ,Chakai ,,Bokaband ,Velugam ,,,,Chotila ,Kaithal ,Rohru ,Poonch ,Ghaghra ,Bhatkal ,Kiltan ,,Barwaha ,Bassein ,,,,,Bisam Cuttack ,,Malerkotla ,Behror ,Pakhyong ,Erode ,,Bareilly ,Ranikhet ,Dhaniakhali 
28,Ingoie ,Bhimavaram ,Papum Pare ,Howraghat ,Champaran ,,Chandipara ,,,,,Dabhoi ,Kalanaur ,Shimla ,Pulwama ,Ghatsila ,Bidar ,Kochi ,,Barwani ,Beed ,,,,,Boriguma ,,Mansa ,Bhadra ,Pemayangtse ,Gingee ,,Basti ,Roorkee ,Dhuliyan 
29,Inteview Island ,Bhongir ,Passighat ,Jorhat ,Chapara ,,Chhinagarh ,,,,,Dahod ,Kalanwali ,Sirmaur ,Rajouri ,Giridih ,Bijapur ,Koduvayur ,,Batkakhapa ,Bhadrawati ,,,,,Boudh ,,Moga ,Bharatpur ,Phensang ,Gobichettipalayam ,,Bhadohi ,Rudraprayag ,Dinajpur 
30,Jangli Ghat ,Bhooragamphad ,Roing ,Kamrup ,Dalsinghsarai ,,Chhuriakala ,,,,,Damnagar ,Kalka ,Solan ,Ramban ,Godda ,Biligi ,Kollam ,,Begamganj ,Bhamregadh ,,,,,Buguda ,,Muktasar ,Bhilwara ,Rangli ,Gudalur ,,Bharthana ,Tehri Garhwal ,Dinhata 
31,Jhon Lawrence Island ,Boath ,Sagalee ,Karbi Anglong ,Danapur ,,Chingmut ,,,,,Dang ,Karnal ,Spiti ,Ramnagar ,Gomia ,Chadchan ,Kottayam ,,Beohari ,Bhandara ,,,,,Chandbali ,,Nabha ,Bhim ,Rinchingpong ,Gudiyatham ,,Bharwari ,Udham Singh Nagar ,Durgapur 
32,Karen ,Bobbili ,Seppa ,Karimganj ,Darbhanga ,,Chuikhadan ,,,,,Danta ,Kosli ,Sundernagar ,Reasi ,Govindpur ,Challakere ,Kovalam ,,Berasia ,Bhir ,,,,,Chhatrapur ,,Nakodar ,Bhinmal ,Sakyong ,Harur ,,Bhogaon ,Ukhimath ,Gangajalghati 
33,Kartara ,Bodhan ,Siang ,Kokarajhar ,Daudnagar ,,Dabhara ,,,,,Dasada ,Kurukshetra ,Theog ,Samba ,Gumla ,Chamrajnagar ,Kozhikode ,,Berchha ,Bhiwandi ,,,,,Chhendipada ,,Nangal ,Bikaner ,Samdong ,Hosur ,,Bhognipur ,Uttarkashi ,Gangarampur 
34,KYD Islannd ,Chandoor ,Tali ,Kokrajhar ,Dhaka ,,Dallirajhara ,,,,,Dediapada ,Loharu ,Udaipur ,Srinagar ,Hazaribagh ,Channagiri ,Kunnamkulam ,,Betul ,Bhiwapur ,,,,,Cuttack ,,Nawanshahar ,Bilara ,Singtam ,Jayamkondan ,,Bidhuna ,,Ghatal 
35,Landfall Island ,Chavitidibbalu ,Taliha ,Lakhimpur ,Dhamdaha ,,Dantewada ,,,,,Deesa ,Mahendragarh ,Una ,Udhampur ,Hunterganj ,Channapatna ,Malappuram ,,Bhainsdehi ,Bhokar ,,,,,Daringbadi ,,Nawanshahr ,Bundi ,Siniolchu ,Kallkurichi ,,Bijnore ,,Guskara 
36,Little Andmand ,Chejerla ,Tawang ,Maibong ,Dumraon ,,Deobhog ,,,,,Dehgam ,Meham ,,Vaishno Devi ,Ichak ,Channarayapatna ,Mananthodi ,,Bhander ,Bhokardan ,,,,,Daspalla ,,Pathankot ,Chhabra ,Sombari ,Kanchipuram ,,Bikapur ,,Habra 
37,Little Coco Island ,Chepurupalli ,Tezu ,Majuli ,Ekma ,,Dhamda ,,,,,Deodar ,Mewat ,,,Itki ,Chickmagalur ,Manjeri ,,Bhanpura ,Bhoom ,,,,,Deodgarh ,,Patiala ,Chhipaborad ,Soreng ,Kangayam ,,Bilari ,,Haldia 
38,Long Island ,Cherial ,Tirap ,Mangaldoi ,Forbesganj ,,Dhamtari ,,,,,Devgadhbaria ,Mohindergarh ,,,Jagarnathpur ,Chikballapur ,Mannarghat ,,Bhikangaon ,Bhor ,,,,,Deogarh ,,Patti ,Chirawa ,Sosing ,Kanyakumari ,,Bilgram ,,Harirampur 
39,Maimyo ,Chevella ,Tuting ,Mariani ,Gaya ,,Dharamjaigarh ,,,,,Dhandhuka ,Naraingarh ,,,Jamshedpur ,Chikkaballapur ,Mavelikkara ,,Bhimpur ,Bhudargad ,,,,,Dhanmandal ,,Phagwara ,Chittorgarh ,Tekhug ,Karaikal ,,Bilhaur ,,Harishchandrapur 
40,Malappuram ,Chinnor ,Upper Siang ,Marigaon ,Gogri ,,Dongargarh ,,,,,Dhanera ,Narnaul ,,,Jamtara ,Chikkanayakanahalli ,Minicoy ,,Bhind ,Bhusawal ,,,,,Dharamgarh ,,Phillaur ,Chohtan ,Temi ,Karaikudi ,,Bindki ,,Hooghly 
41,Manglutan ,Chintalapudi ,Upper Subansiri ,Moranhat ,Gopalganj ,,Durg ,,,,,Dharampur ,Narwana ,,,Japla ,Chikkodi ,Munnar ,,Bhitarwar ,Billoli ,,,,,Dhenkanal ,,Phulmandi ,Churu ,Tsetang ,Karur ,,Bisalpur ,,Howrah 
42,Manpur ,Chintapalle ,Yiang Kiag ,Morigaon ,H.Kharagpur ,,Durgakondal ,,,,,Dhari ,Nilokheri ,,,Jharmundi ,Chikmagalur ,Muvattupuzha ,,Bhopal ,Brahmapuri ,,,,,Digapahandi ,,Quadian ,Dantaramgarh ,Tsomgo ,Keeranur ,,Bisauli ,,Islampur 
43,Mitha Khari ,Chirala ,,Nagaon ,Hajipur ,,Fingeshwar ,,,,,Dholka ,Nuh ,,,Jhinkpani ,Chincholi ,Nedumandad ,,Biaora ,Buldhana ,,,,,Dunguripali ,,Rajpura ,Dausa ,Tumlong ,Kodaikanal ,,Biswan ,,Jagatballavpur 
44,Neill Island ,Chittoor ,,Nalbari ,Hathua ,,Gariaband ,,,,,Dhoraji ,Palwal ,,,Jhumaritalaiya ,Chintamani ,Nedumgandam ,,Bijadandi ,Butibori ,,,,,G. Udayagiri ,,Raman ,Deedwana ,Yangang ,Kodumudi ,,Budaun ,,Jalpaiguri 
45,Nicobar Island ,Chodavaram ,,Rangapara ,Hilsa ,,Garpa ,,,,,Dhrangadhra ,Panchkula ,,,Kathikund ,Chitradurga ,Nilambur ,,Bijawar ,Chalisgaon ,,,,,Gajapati ,,Rayya ,Deeg ,Yumtang ,Kotagiri ,,Budhana ,,Jhalda 
46,North Brother Island ,Cuddapah ,,Sadiya ,Imamganj ,,Gharghoda ,,,,,Dhrol ,Panipat ,,,Kharsawa ,Chittapur ,Palai ,,Bijaypur ,Chamorshi ,,,,,Ganjam ,,Ropar ,Degana ,,Kovilpatti ,,Bulandshahar ,,Jhargram 
47,North Passage Island ,Cumbum ,,Sibsagar ,Jahanabad ,,Gogunda ,,,,,Dwarka ,Pehowa ,,,Khunti ,Cowdahalli ,Palakkad ,,Bina ,Chandgad ,,,,,Ghatgaon ,,Rupnagar ,Deogarh ,,Krishnagiri ,,Bulandshahr ,,Kakdwip 
48,North Sentinel Island ,Darsi ,,Silchar ,Jainagar ,,Ilamidi ,,,,,Fortsongadh ,Ratia ,,,Koderma ,Davanagere ,Palghat ,,Birsa ,Chandrapur ,,,,,Gudari ,,Samana ,Deoli ,,Kulithalai ,,Capianganj ,,Kalchini 
49,Nothen Reef Island ,Devarakonda ,,Sivasagar ,Jamshedpur ,,Jagdalpur ,,,,,Gadhada ,Rewari ,,,Kolebira ,Deodurga ,Pathaanamthitta ,,Birsinghpur ,Chandur ,,,,,Gunupur ,,Samrala ,Desuri ,,Kumbakonam ,,Chakia ,,Kalimpong 
50,Outram Island ,Dharmavaram ,,Sonitpur ,Jamui ,,Janjgir ,,,,,Gandhi Nagar ,Rohtak ,,,Latehar ,Devangere ,Pathanamthitta ,,Budhni ,Chanwad ,,,,,Hemgiri ,,Sangrur ,Dhariawad ,,Kuzhithurai ,,Chandauli ,,Kalna 
51,Pahlagaon ,Dichpalli ,,Tarabarihat ,Jehanabad ,,Janjgir-Champa ,,,,,Gariadhar ,Safidon ,,,Lohardaga ,Devarahippargi ,Payyanur ,,Burhanpur ,Chhikaldara ,,,,,Hindol ,,Sardulgarh ,Dholpur ,,Madurai ,,Charkhari ,,Kandi 
52,Palalankwe ,Divi ,,Tezpur ,Jhajha ,,Jarwa ,,,,,Godhra ,Sirsa ,,,Madhupur ,Dharwad ,Peermedu ,,Buxwaha ,Chikhali ,,,,,Jagatsinghapur ,,Sarhind ,Digod ,,Madurantgam ,,Chhata ,,Karimpur 
53,Passage Island ,Donakonda ,,Tinsukia ,Jhanjharpur ,,Jashpur ,,,,,Gogodar ,Siwani ,,,Mahagama ,Doddaballapur ,Perinthalmanna ,,Chachaura ,Chinchwad ,,,,,Jajpur ,,SAS Nagar ,Dudu ,,Manamadurai ,,Chhibramau ,,Katwa 
54,Phaiapong ,Dronachalam ,,Udalgiri ,Kahalgaon ,,Jashpurnagar ,,,,,Gondal ,Sonipat ,,,Maheshpur Raj ,Gadag ,Perumbavoor ,,Chanderi ,Chiplun ,,,,,Jamankira ,,Sultanpur Lodhi ,Dungarpur ,,Manaparai ,,Chirgaon ,,Kharagpur 
55,Phoenix Island ,East Godavari ,,Udalguri ,Kaimur (Bhabua) ,,Kabirdham-Kawardha ,,,,,Halol ,Tohana ,,,Mandar ,Gangavathi ,Punalur ,,Chaurai ,Chopda ,,,,,Jashipur ,,Sunam ,Dungla ,,Mannargudi ,,Chitrakoot ,,Khatra 
56,Port Blair ,Eluru ,,UdarbondhBarpeta ,Katihar ,,Kanker ,,,,,Halvad ,Tohsam ,,,Mandu ,Gokak ,Quilon ,,Chhapara ,Chumur ,,,,,Jayapatna ,,Tanda Urmar ,Fatehpur ,,Mayiladuthurai ,,Chunur ,,Krishnanagar 
57,Preparis Island ,Eturnagaram ,,,Katoria ,,Kasdol ,,,,,Harij ,Yamunanagar ,,,Manoharpur ,Gowribdanpur ,Ranni ,,Chhatarpur ,Dahanu ,,,,,Jeypur ,,Taran Taran ,Gangapur ,,Mayiladutjurai ,,Dadri ,,Mal Bazar 
58,Protheroepur ,Gadwal ,,,Khagaria ,,Kathdol ,,,,,Himatnagar ,,,,Muri ,Gubbi ,Shertallai ,,Chhindwara ,Dapoli ,,,,,Jharigan ,,Zira ,Gangdhar ,,Mettupalayam ,,Dalmau ,,Malda 
59,Rangachang ,Gajapathinagaram ,,,Kishanganj ,,Kathghora ,,,,,Idar ,,,,Nagarutatri ,Gulbarga ,Shoranur ,,Chicholi ,Darwaha ,,,,,Jharsuguda ,,,Gerhi ,,Metturdam ,,Dataganj ,,Manbazar 
60,Rongat ,Gajwel ,,,Korha ,,Kawardha ,,,,,Jambusar ,,,,Nala ,Gundlupet ,Taliparamba ,,Chitrangi ,Daryapur ,,,,,Jujumura ,,,Ghatol ,,Mudukulathur ,,Debai ,,Mathabhanga 
61,Rutland Island ,Garladinne ,,,Lakhisarai ,,Keskal ,,,,,Jamjodhpur ,,,,Noamundi ,H.B.Halli ,Tellicherry ,,Churhat ,Daund ,,,,,Kalahandi ,,,Girwa ,,Mulanur ,,Deoband ,,Medinipur 
62,Sabari ,Giddalur ,,,Madhepura ,,Khairgarh ,,,,,Jamkalyanpur ,,,,Pakur ,H.D. Kote ,Thiruvananthapuram ,,Dabra ,Degloor ,,,,,Kalimela ,,,Gogunda ,,Musiri ,,Deoria ,,Mekhliganj 
63,Saddle Peak ,Godavari ,,,Madhubani ,,Kondagaon ,,,,,Jamnagar ,,,,Palamu ,Haliyal ,Thodupuzha ,,Damoh ,Delhi Tanda ,,,,,Kamakhyanagar ,,,Hanumangarh ,,Nagapattinam ,,Derapur ,,Mirzapur 
64,Shadipur ,Gooty ,,,Maharajganj ,,Konta ,,,,,Jasdan ,,,,Palkot ,Hampi ,Thrissur ,,Datia ,Deogad ,,,,,Kandhamal ,,,Hindaun ,,Nagarcoil ,,Dhampur ,,Murshidabad 
65,Smith Island ,Gudivada ,,,Mahua ,,Korba ,,,,,Jetpur ,,,,Patan ,Hangal ,Tirur ,,Deori ,Deolgaonraja ,,,,,Kantabhanji ,,,Hindoli ,,Namakkal ,,Domariyaganj ,,Nadia 
66,Sound Island ,Gudur ,,,Mairwa ,,Korea ,,,,,Jhagadia ,,,,Rajdhanwar ,Harapanahalli ,Tiruvalla ,,Deosar ,Deori ,,,,,Kantamal ,,,Hurda ,,Nanguneri ,,Dudhi ,,Nagarakata 
67,South Sentinel Island ,Guntur ,,,Mallehpur ,,Kota ,,,,,Jhalod ,,,,Rajmahal ,Hassan ,Trichur ,,Depalpur ,Desaiganj ,,,,,Karanjia ,,,Jahazpur ,,Natham ,,Etah ,,Nalhati 
68,Spike Island ,Hindupur ,,,Masrakh ,,Koyelibeda ,,,,,Jodia ,,,,Ramgarh ,Haveri ,Trivandrum ,,Dewas ,Dhadgaon ,,,,,Kashipur ,,,Jaipur ,,Neyveli ,,Etawah ,,Nayagarh 
69,Tarmugli Island ,Hunsabad ,,,Mohania ,,Kuakunda ,,,,,Junagadh ,,,,Ranchi ,Hebri ,Uppala ,,Dhar ,Dhanora ,,,,,Kendrapara ,,,Jaisalmer ,,Nilgiris ,,Faizabad ,,Parganas 
70,Taylerabad ,Huzurabad ,,,Monghyr ,,Kunkuri ,,,,,Junagarh ,,,,Sahibganj ,Hirekerur ,Vadakkanchery ,,Dharampuri ,Dharani ,,,,,Kendujhar ,,,Jalore ,,Oddanchatram ,,Farrukhabad ,,Purulia 
71,Titaije ,Huzurnagar ,,,Motihari ,,Kurud ,,,,,Kalawad ,,,,Saraikela ,Hiriyur ,Vikom ,,Dindori ,Dhiwadi ,,,,,Keonjhar ,,,Jhalawar ,,Omalpur ,,Fatehpur ,,Raiganj 
72,Toibalawe ,Hyderabad ,,,Motipur ,,Lohadigundah ,,,,,Kalol ,,,,Simaria ,Holalkere ,Wayanad ,,Gadarwara ,Dhule ,,,,,Khalikote ,,,Jhunjhunu ,,Ootacamund ,,Firozabad ,,Rampur Hat 
73,Tusonabad ,Ibrahimpatnam ,,,Munger ,,Lormi ,,,,,Kapad Wanj ,,,,Simdega ,Holenarsipur ,,,Gairatganj ,Dhulia ,,,,,Khordha ,,,Jodhpur ,,Ooty ,,Garauth ,,Ranaghat 
74,West Island ,Jaggayyapet ,,,Muzaffarpur ,,Luckwada ,,,,,Keshod ,,,,Singhbhum ,Honnali ,,,Ganjbasoda ,Digras ,,,,,Khurda ,,,Kaman ,,Orathanad ,,Garhmukteshwar ,,Seharabazar 
75,Wimberleyganj ,Jagtial ,,,Nabinagar ,,Mahasamund ,,,,,Khambat ,,,,Tisri ,Honnavar ,,,Garoth ,Dindori ,,,,,Komana ,,,Kapasan ,,Palacode ,,Gautam Buddha Nagar ,,Siliguri 
76,Yadita ,Jammalamadugu ,,,Nalanda ,,Makodi ,,,,,Khambhalia ,,,,Torpa ,Hosadurga ,,,Ghansour ,Edalabad ,,,,,Koraput ,,,Karauli ,,Palani ,,Ghatampur ,,Suri 
77,,Jangaon ,,,Narkatiaganj ,,Manendragarh ,,,,,Khavda ,,,,,Hosakote ,,,Ghatia ,Erandul ,,,,,Kotagarh ,,,Kekri ,,Palladum ,,Ghaziabad ,,Takipur 
78,,Jangareddygudem ,,,Naugachia ,,Manpur ,,,,,Kheda ,,,,,Hosanagara ,,,Ghatigaon ,Etapalli ,,,,,Kuchinda ,,,Keshoraipatan ,,Papanasam ,,Ghazipur ,,Tamluk 
79,,Jannaram ,,,Nawada ,,Marwahi ,,,,,Khedbrahma ,,,,,Hospet ,,,Ghorandogri ,Gadhchiroli ,,,,,Lahunipara ,,,Khandar ,,Paramakudi ,,Ghosi ,,
80,,Kadiri ,,,Pakribarwan ,,Mohla ,,,,,Kheralu ,,,,,Hubli ,,,Ghughari ,Gadhinglaj ,,,,,Laxmipur ,,,Kherwara ,,Pattukottai ,,Gonda ,,
81,,Kaikaluru ,,,Pakridayal ,,Mungeli ,,,,,Kodinar ,,,,,Hukkeri ,,,Gogaon ,Gaganbavada ,,,,,M. Rampur ,,,Khetri ,,Perambalur ,,Gorakhpur ,,
82,,Kakinada ,,,Patna ,,Nagri ,,,,,Kotdasanghani ,,,,,Humnabad ,,,Gohad ,Gangakhed ,,,,,Malkangiri ,,,Kishanganj ,,Perundurai ,,Gunnaur ,,
83,,Kalwakurthy ,,,Phulparas ,,Narainpur ,,,,,Kunkawav ,,,,,Hungund ,,,Goharganj ,Gangapur ,,,,,Mathili ,,,Kishangarh ,,Pollachi ,,Haidergarh ,,
84,,Kalyandurg ,,,Piro ,,Narayanpur ,,,,,Kutch ,,,,,Hunsagi ,,,Gopalganj ,Gevrai ,,,,,Mayurbhanj ,,,Kishangarhbas ,,Polur ,,Hamirpur ,,
85,,Kamalapuram ,,,Pupri ,,Neora ,,,,,Kutchmandvi ,,,,,Hunsur ,,,Gotegaon ,Ghatanji ,,,,,Mohana ,,,Kolayat ,,Pondicherry ,,Hapur ,,
86,,Kamareddy ,,,Purena ,,Netanar ,,,,,Kutiyana ,,,,,Huvinahadagali ,,,Gourihar ,Golegaon ,,,,,Motu ,,,Kota ,,Ponnamaravathi ,,Hardoi ,,
87,,Kambadur ,,,Purnia ,,Odgi ,,,,,Lakhpat ,,,,,Indi ,,,Guna ,Gondia ,,,,,Nabarangapur ,,,Kotputli ,,Ponneri ,,Harraiya ,,
88,,Kanaganapalle ,,,Rafiganj ,,Padamkot ,,,,,Lakhtar ,,,,,Jagalur ,,,Gunnore ,Gondpipri ,,,,,Naktideul ,,,Kotra ,,Pudukkottai ,,Hasanganj ,,
89,,Kandukuru ,,,Rajauli ,,Pakhanjur ,,,,,Lalpur ,,,,,Jamkhandi ,,,Gwalior ,Goregaon ,,,,,Nandapur ,,,Kotri ,,Rajapalayam ,,Hasanpur ,,
90,,Kanigiri ,,,Ramnagar ,,Pali ,,,,,Limbdi ,,,,,Jewargi ,,,Gyraspur ,Guhagar ,,,,,Narlaroad ,,,Kumbalgarh ,,Ramanathapuram ,,Hathras ,,
91,,Karimnagar ,,,Raniganj ,,Pandaria ,,,,,Limkheda ,,,,,Joida ,,,Hanumana ,Hadgaon ,,,,,Narsinghpur ,,,Kushalgarh ,,Rameshwaram ,,Jalalabad ,,
92,,Kavali ,,,Raxaul ,,Pandishankar ,,,,,Lunavada ,,,,,K.R. Nagar ,,,Harda ,Hatkangale ,,,,,Nayagarh ,,,Ladnun ,,Ranipet ,,Jalaun ,,
93,,Khammam ,,,Rohtas ,,Parasgaon ,,,,,M.M.Mangrol ,,,,,Kadur ,,,Harrai ,Hinganghat ,,,,,Nimapara ,,,Ladpura ,,Rasipuram ,,Jalesar ,,
94,,Khanapur (AP) ,,,Rosera ,,Pasan ,,,,,Mahuva ,,,,,Kalghatagi ,,,Harsud ,Hingoli ,,,,,Nowparatan ,,,Lalsot ,,Salem ,,Jansath ,,
95,,Kodangal ,,,S.Bakhtiarpur ,,Patan ,,,,,Malia-Hatina ,,,,,Kamalapur ,,,Hatta ,Hingua ,,,,,Nowrangapur ,,,Laxmangarh ,,Sankagiri ,,Jarar ,,
96,,Koduru ,,,Saharsa ,,Pathalgaon ,,,,,Maliya ,,,,,Kanakapura ,,,Hoshangabad ,Igatpuri ,,,,,Nuapada ,,,Lunkaransar ,,Sankaran ,,Jasrana ,,
97,,Koilkuntla ,,,Samastipur ,,Pendra ,,,,,Malpur ,,,,,Kannada ,,,Ichhawar ,Indapur ,,,,,Padampur ,,,Mahuwa ,,Sathiyamangalam ,,Jaunpur ,,
98,,Kollapur ,,,Saran ,,Pratappur ,,,,,Manavadar ,,,,,Kargal ,,,Indore ,Islampur ,,,,,Paikamal ,,,Malpura ,,Sivaganga ,,Jhansi ,,
99,,Kothagudem ,,,Sasaram ,,Premnagar ,,,,,Mandvi ,,,,,Karkala ,,,Isagarh ,Jalgaon ,,,,,Palla Hara ,,,Malvi ,,Sivakasi ,,Jyotiba Phule Nagar ,,
100,,Kovvur ,,,Seikhpura ,,Raigarh ,,,,,Mangrol ,,,,,Karwar ,,,Itarsi ,Jalna ,,,,,Papadhandi ,,,Mandal ,,Sriperumpudur ,,Kadipur ,,
101,,Krishna ,,,Sheikhpura ,,Raipur ,,,,,Mehmedabad ,,,,,Khanapur ,,,Jabalpur ,Jamkhed ,,,,,Parajang ,,,Mandalgarh ,,Srivaikundam ,,Kaimganj ,,
102,,Krosuru ,,,Sheohar ,,Rajnandgaon ,,,,,Mehsana ,,,,,Kodagu ,,,Jabera ,Jamner ,,,,,Pardip ,,,Mandawar ,,Tenkasi ,,Kairana ,,
103,,Kuppam ,,,Sherghati ,,Rajpur ,,,,,Miyagam ,,,,,Kolar ,,,Jagdalpur ,Jath ,,,,,Parlakhemundi ,,,Mangrol ,,Thanjavur ,,Kaisarganj ,,
104,,Kurnool ,,,Sidhawalia ,,Ramchandrapur ,,,,,Modasa ,,,,,Kollegal ,,,Jaisinghnagar ,Jawahar ,,,,,Patnagarh ,,,Marwar-Jn ,,Theni ,,Kalpi ,,
105,,Lakkireddipalli ,,,Singhwara ,,Saraipali ,,,,,Morvi ,,,,,Koppa ,,,Jaithari ,Jintdor ,,,,,Pattamundai ,,,Merta ,,Thirumanglam ,,Kannauj ,,
106,,Madakasira ,,,Sitamarhi ,,Saranggarh ,,,,,Muli ,,,,,Koppal ,,,Jaitpur ,Junnar ,,,,,Phiringia ,,,Nadbai ,,Thiruraipoondi ,,Kanpur ,,
107,,Madanapalli ,,,Siwan ,,Sarona ,,,,,Mundra ,,,,,Koratageri ,,,Jaitwara ,Kagal ,,,,,Phulbani ,,,Nagaur ,,Thoothukudi ,,Karchhana ,,
108,,Madhira ,,,Sonepur ,,Semaria ,,,,,Nadiad ,,,,,Krishnarajapet ,,,Jamai ,Kaij ,,,,,Puri ,,,Nainwa ,,Thuraiyure ,,Karhal ,,
109,,Madnur ,,,Supaul ,,Shakti ,,,,,Nakhatrana ,,,,,Kudligi ,,,Jaora ,Kalamb ,,,,,Puruna Katak ,,,Nasirabad ,,Tindivanam ,,Karvi ,,
110,,Mahabubabad ,,,Thakurganj ,,Sitapur ,,,,,Nalia ,,,,,Kumta ,,,Jatara ,Kalamnuri ,,,,,R. Udayigiri ,,,Nathdwara ,,Tiruchendur ,,Kasganj ,,
111,,Mahabubnagar ,,,Triveniganj ,,Sukma ,,,,,Narmada ,,,,,Kundapur ,,,Jawad ,Kallam ,,,,,Rairakhol ,,,Nawa ,,Tiruchengode ,,Kaushambi ,,
112,,Mahadevapur ,,,Udakishanganj ,,Surajpur ,,,,,Naswadi ,,,,,Kundgol ,,,Jhabua ,Kalmeshwar ,,,,,Rairangpur ,,,Neem Ka Thana ,,Tiruchirappalli ,,Kerakat ,,
113,,Makthal ,,,Vaishali ,,Surguja ,,,,,Navasari ,,,,,Kunigal ,,,Jobat ,Kalwan ,,,,,Rajgangpur ,,,Newai ,,Tirunelvelli ,,Khaga ,,
114,,Mancherial ,,,Wazirganj ,,Tapkara ,,,,,Nizar ,,,,,Kurugodu ,,,Jora ,Kalyan ,,,,,Rajkhariar ,,,Nimbahera ,,Tirupathur ,,Khair ,,
115,,Mandapeta ,,,,,Toynar ,,,,,Okha ,,,,,Kustagi ,,,Kakaiya ,Kamptee ,,,,,Rayagada ,,,Nohar ,,Tirupur ,,Khalilabad ,,
116,,Mangalagiri ,,,,,Udaipur ,,,,,Paddhari ,,,,,Lingsugur ,,,Kannod ,Kandhar ,,,,,Rourkela ,,,Nokha ,,Tiruttani ,,Kheri ,,
117,,Manthani ,,,,,Uproda ,,,,,Padra ,,,,,Madikeri ,,,Kannodi ,Kankavali ,,,,,Sambalpur ,,,Onli ,,Tiruvallur ,,Konch ,,
118,,Markapur ,,,,,Wadrainagar ,,,,,Palanpur ,,,,,Madugiri ,,,Karanjia ,Kannad ,,,,,Sohela ,,,Osian ,,Tiruvannamalai ,,Kumaon ,,
119,,Marturu ,,,,,,,,,,Palitana ,,,,,Malavalli ,,,Kareli ,Karad ,,,,,Sonapur ,,,Pachpadara ,,Tiruvarur ,,Kunda ,,
120,,Medachal ,,,,,,,,,,Panchmahals ,,,,,Malur ,,,Karera ,Karjat ,,,,,Soro ,,,Pachpahar ,,Tiruvellore ,,Kushinagar ,,
121,,Medak ,,,,,,,,,,Patan ,,,,,Mandya ,,,Karhal ,Karmala ,,,,,Subarnapur ,,,Padampur ,,Tiruvettipuram ,,Lalganj ,,
122,,Medarmetla ,,,,,,,,,,Pavijetpur ,,,,,Mangalore ,,,Karpa ,Katol ,,,,,Sunabeda ,,,Pali ,,Trichy ,,Lalitpur ,,
123,,Metpalli ,,,,,,,,,,Porbandar ,,,,,Manipal ,,,Kasrawad ,Kavathemankal ,,,,,Sundergarh ,,,Parbatsar ,,Tuticorin ,,Lucknow ,,
124,,Mriyalguda ,,,,,,,,,,Prantij ,,,,,Manvi ,,,Katangi ,Kedgaon ,,,,,Surada ,,,Phagi ,,Udumalpet ,,Machlishahar ,,
125,,Mulug ,,,,,,,,,,Radhanpur ,,,,,Mashal ,,,Katni ,Khadakwasala ,,,,,T. Rampur ,,,Phalodi ,,Ulundurpet ,,Maharajganj ,,
126,,Mylavaram ,,,,,,,,,,Rahpar ,,,,,Molkalmuru ,,,Keolari ,Khamgaon ,,,,,Talcher ,,,Pilani ,,Usiliampatti ,,Mahoba ,,
127,,Nagarkurnool ,,,,,,,,,,Rajaula ,,,,,Mudalgi ,,,Khachrod ,Khed ,,,,,Telkoi ,,,Pindwara ,,Uthangarai ,,Mainpuri ,,
128,,Nalgonda ,,,,,,,,,,Rajkot ,,,,,Muddebihal ,,,Khajuraho ,Khopoli ,,,,,Titlagarh ,,,Pipalda ,,Valapady ,,Malihabad ,,
129,,Nallacheruvu ,,,,,,,,,,Rajpipla ,,,,,Mudhol ,,,Khakner ,Khultabad ,,,,,Tumudibandha ,,,Pirawa ,,Valliyoor ,,Mariyahu ,,
130,,Nampalle ,,,,,,,,,,Ranavav ,,,,,Mudigere ,,,Khalwa ,Kinwat ,,,,,Udala ,,,Pokaran ,,Vaniyambadi ,,Math ,,
131,,Nandigama ,,,,,,,,,,Sabarkantha ,,,,,Mulbagal ,,,Khandwa ,Kolhapur ,,,,,Umerkote ,,,Pratapgarh ,,Vedasandur ,,Mathura ,,
132,,Nandikotkur ,,,,,,,,,,Sanand ,,,,,Mundagod ,,,Khaniadhana ,Kopargaon ,,,,,,,,Raipur ,,Vellore ,,Mau ,,
133,,Nandyal ,,,,,,,,,,Sankheda ,,,,,Mundargi ,,,Khargone ,Koregaon ,,,,,,,,Raisinghnagar ,,Velur ,,Maudaha ,,
134,,Narasampet ,,,,,,,,,,Santalpur ,,,,,Murugod ,,,Khategaon ,Kudal ,,,,,,,,Rajgarh ,,Vilathikulam ,,Maunathbhanjan ,,
135,,Narasaraopet ,,,,,,,,,,Santrampur ,,,,,Mysore ,,,Khetia ,Kuhi ,,,,,,,,Rajsamand ,,Villupuram ,,Mauranipur ,,
136,,Narayanakhed ,,,,,,,,,,Savarkundla ,,,,,Nagamangala ,,,Khilchipur ,Kurkheda ,,,,,,,,Ramganj Mandi ,,Virudhachalam ,,Mawana ,,
137,,Narayanpet ,,,,,,,,,,Savli ,,,,,Nanjangud ,,,Khirkiya ,Kusumba ,,,,,,,,Ramgarh ,,Virudhunagar ,,Meerut ,,
138,,Narsapur ,,,,,,,,,,Sayan ,,,,,Nargund ,,,Khurai ,Lakhandur ,,,,,,,,Rashmi ,,Wandiwash ,,Mehraun ,,
139,,Narsipatnam ,,,,,,,,,,Sayla ,,,,,Narsimrajapur ,,,Kolaras ,Langa ,,,,,,,,Ratangarh ,,Yercaud ,,Meja ,,
140,,Nazvidu ,,,,,,,,,,Shehra ,,,,,Navalgund ,,,Kotma ,Latur ,,,,,,,,Reodar ,,,,Mirzapur ,,
141,,Nelloe ,,,,,,,,,,Sidhpur ,,,,,Nelamangala ,,,Kukshi ,Lonar ,,,,,,,,Rupbas ,,,,Misrikh ,,
142,,Nellore ,,,,,,,,,,Sihor ,,,,,Nimburga ,,,Kundam ,Lonavala ,,,,,,,,Sadulshahar ,,,,Modinagar ,,
143,,Nidamanur ,,,,,,,,,,Sojitra ,,,,,Pandavapura ,,,Kurwai ,Madangad ,,,,,,,,Sagwara ,,,,Mohamdabad ,,
144,,Nirmal ,,,,,,,,,,Sumrasar ,,,,,Pavagada ,,,Kusmi ,Madha ,,,,,,,,Sahabad ,,,,Mohamdi ,,
145,,Nizamabad ,,,,,,,,,,Surat ,,,,,Puttur ,,,Laher ,Mahabaleshwar ,,,,,,,,Salumber ,,,,Moradabad ,,
146,,Nuguru ,,,,,,,,,,Surendranagar ,,,,,Raibag ,,,Lakhnadon ,Mahad ,,,,,,,,Sanchore ,,,,Musafirkhana ,,
147,,Ongole ,,,,,,,,,,Talaja ,,,,,Raichur ,,,Lamta ,Mahagaon ,,,,,,,,Sangaria ,,,,Muzaffarnagar ,,
148,,Outsarangapalle ,,,,,,,,,,Thara ,,,,,Ramdurg ,,,Lanji ,Mahasala ,,,,,,,,Sangod ,,,,Nagina ,,
149,,Paderu ,,,,,,,,,,Tharad ,,,,,Ranebennur ,,,Lateri ,Mahaswad ,,,,,,,,Sapotra ,,,,Najibabad ,,
150,,Pakala ,,,,,,,,,,Thasra ,,,,,Ron ,,,Laundi ,Malegaon ,,,,,,,,Sarada ,,,,Nakur ,,
151,,Palakonda ,,,,,,,,,,Una-Diu ,,,,,Sagar ,,,Maheshwar ,Malgaon ,,,,,,,,Sardarshahar ,,,,Nanpara ,,
152,,Paland ,,,,,,,,,,Upleta ,,,,,Sakleshpur ,,,Mahidpurcity ,Malgund ,,,,,,,,Sarwar ,,,,Naraini ,,
153,,Palmaneru ,,,,,,,,,,Vadgam ,,,,,Salkani ,,,Maihar ,Malkapur ,,,,,,,,Sawai Madhopur ,,,,Naugarh ,,
154,,Pamuru ,,,,,,,,,,Vadodara ,,,,,Sandur ,,,Majhagwan ,Malsuras ,,,,,,,,Shahapura ,,,,Nawabganj ,,
155,,Pargi ,,,,,,,,,,Valia ,,,,,Saundatti ,,,Majholi ,Malwan ,,,,,,,,Sheo ,,,,Nighasan ,,
156,,Parkal ,,,,,,,,,,Vallabhipur ,,,,,Savanur ,,,Malhargarh ,Mancher ,,,,,,,,Sheoganj ,,,,Noida ,,
157,,Parvathipuram ,,,,,,,,,,Valod ,,,,,Sedam ,,,Manasa ,Mangalwedha ,,,,,,,,Shergarh ,,,,Orai ,,
158,,Pathapatnam ,,,,,,,,,,Valsad ,,,,,Shahapur ,,,Manawar ,Mangaon ,,,,,,,,Sikar ,,,,Padrauna ,,
159,,Pattikonda ,,,,,,,,,,Vanthali ,,,,,Shankarnarayana ,,,Mandla ,Mangrulpur ,,,,,,,,Sirohi ,,,,Pahasu ,,
160,,Peapalle ,,,,,,,,,,Vapi ,,,,,Shikaripura ,,,Mandsaur ,Manjalegaon ,,,,,,,,Siwana ,,,,Patti ,,
161,,Peddapalli ,,,,,,,,,,Vav ,,,,,Shimoga ,,,Manpur ,Manmad ,,,,,,,,Sojat ,,,,Pharenda ,,
162,,Peddapuram ,,,,,,,,,,Veraval ,,,,,Shirahatti ,,,Mauganj ,Maregaon ,,,,,,,,Sri Dungargarh ,,,,Phoolpur ,,
163,,Penukonda ,,,,,,,,,,Vijapur ,,,,,Shorapur ,,,Mawai ,Mehda ,,,,,,,,Sri Ganganagar ,,,,Phulpur ,,
164,,Piduguralla ,,,,,,,,,,Viramgam ,,,,,Siddapur ,,,Mehgaon ,Mekhar ,,,,,,,,Sri Karanpur ,,,,Pilibhit ,,
165,,Piler ,,,,,,,,,,Visavadar ,,,,,Sidlaghatta ,,,Mhow ,Mohadi ,,,,,,,,Sri Madhopur ,,,,Pitamberpur ,,
166,,Pithapuram ,,,,,,,,,,Visnagar ,,,,,Sindagi ,,,Morena ,Mohol ,,,,,,,,Sujangarh ,,,,Powayan ,,
167,,Podili ,,,,,,,,,,Vyara ,,,,,Sindhanur ,,,Multai ,Mokhada ,,,,,,,,Taranagar ,,,,Pratapgarh ,,
168,,Polavaram ,,,,,,,,,,Waghodia ,,,,,Sira ,,,Mungaoli ,Morshi ,,,,,,,,Thanaghazi ,,,,Puranpur ,,
169,,Prakasam ,,,,,,,,,,Wankaner ,,,,,Sirsi ,,,Nagod ,Mouda ,,,,,,,,Tibbi ,,,,Purwa ,,
170,,Proddatur ,,,,,,,,,,,,,,,Siruguppa ,,,Nainpur ,Mukhed ,,,,,,,,Tijara ,,,,Raibareli ,,
171,,Pulivendla ,,,,,,,,,,,,,,,Somwarpet ,,,Narsingarh ,Mul ,,,,,,,,Todaraisingh ,,,,Rampur ,,
172,,Punganur ,,,,,,,,,,,,,,,Sorab ,,,Narsinghpur ,Mumbai ,,,,,,,,Tonk ,,,,Ramsanehi Ghat ,,
173,,Putturu ,,,,,,,,,,,,,,,Sringeri ,,,Narwar ,Murbad ,,,,,,,,Udaipur ,,,,Rasara ,,
174,,Rajahmundri ,,,,,,,,,,,,,,,Sriniwaspur ,,,Nasrullaganj ,Murtizapur ,,,,,,,,Udaipurwati ,,,,Rath ,,
175,,Rajampeta ,,,,,,,,,,,,,,,Srirangapatna ,,,Nateran ,Murud ,,,,,,,,Uniayara ,,,,Robertsganj ,,
176,,Ramachandrapuram ,,,,,,,,,,,,,,,Sullia ,,,Neemuch ,Nagbhir ,,,,,,,,Vallabhnagar ,,,,Sadabad ,,
177,,Ramannapet ,,,,,,,,,,,,,,,T. Narsipur ,,,Niwari ,Nagpur ,,,,,,,,Viratnagar ,,,,Safipur ,,
178,,Rampachodavaram ,,,,,,,,,,,,,,,Tallak ,,,Niwas ,Nahavara ,,,,,,,,,,,,Sagri ,,
179,,Rangareddy ,,,,,,,,,,,,,,,Tarikere ,,,Nowgaon ,Nanded ,,,,,,,,,,,,Saharanpur ,,
180,,Rapur ,,,,,,,,,,,,,,,Telgi ,,,Pachmarhi ,Nandgaon ,,,,,,,,,,,,Sahaswan ,,
181,,Rayachoti ,,,,,,,,,,,,,,,Thirthahalli ,,,Pandhana ,Nandnva ,,,,,,,,,,,,Sahjahanpur ,,
182,,Rayadurg ,,,,,,,,,,,,,,,Tiptur ,,,Pandhurna ,Nandurbar ,,,,,,,,,,,,Saidpur ,,
183,,Razole ,,,,,,,,,,,,,,,Tumkur ,,,Panna ,Narkhed ,,,,,,,,,,,,Salempur ,,
184,,Repalle ,,,,,,,,,,,,,,,Turuvekere ,,,Parasia ,Nashik ,,,,,,,,,,,,Salon ,,
185,,Saluru ,,,,,,,,,,,,,,,Udupi ,,,Patan ,Navapur ,,,,,,,,,,,,Sambhal ,,
186,,Sangareddy ,,,,,,,,,,,,,,,Virajpet ,,,Patera ,Ner ,,,,,,,,,,,,Sandila ,,
187,,Sathupalli ,,,,,,,,,,,,,,,Wadi ,,,Patharia ,Newasa ,,,,,,,,,,,,Sant Kabir Nagar ,,
188,,Sattenapalle ,,,,,,,,,,,,,,,Yadgiri ,,,Pawai ,Nilanga ,,,,,,,,,,,,Sant Ravidas Nagar ,,
189,,Satyavedu ,,,,,,,,,,,,,,,Yelburga ,,,Petlawad ,Niphad ,,,,,,,,,,,,Sardhana ,,
190,,Shadnagar ,,,,,,,,,,,,,,,Yellapur ,,,Pichhore ,Omerga ,,,,,,,,,,,,Shahabad ,,
191,,Siddavattam ,,,,,,,,,,,,,,,,,,Piparia ,Osmanabad ,,,,,,,,,,,,Shahganj ,,
192,,Siddipet ,,,,,,,,,,,,,,,,,,Pohari ,Pachora ,,,,,,,,,,,,Shahjahanpur ,,
193,,Sileru ,,,,,,,,,,,,,,,,,,Prabhapattan ,Paithan ,,,,,,,,,,,,Shikohabad ,,
194,,Sircilla ,,,,,,,,,,,,,,,,,,Punasa ,Palghar ,,,,,,,,,,,,Shravasti ,,
195,,Sirpur Kagaznagar ,,,,,,,,,,,,,,,,,,Pushprajgarh ,Pali ,,,,,,,,,,,,Siddharthnagar ,,
196,,Sodam ,,,,,,,,,,,,,,,,,,Raghogarh ,Pandharkawada ,,,,,,,,,,,,Sidhauli ,,
197,,Sompeta ,,,,,,,,,,,,,,,,,,Raghunathpur ,Pandharpur ,,,,,,,,,,,,Sikandra Rao ,,
198,,Srikakulam ,,,,,,,,,,,,,,,,,,Rahatgarh ,Panhala ,,,,,,,,,,,,Sikandrabad ,,
199,,Srikalahasthi ,,,,,,,,,,,,,,,,,,Raisen ,Paranda ,,,,,,,,,,,,Sitapur ,,
200,,Srisailam ,,,,,,,,,,,,,,,,,,Rajgarh ,Parbhani ,,,,,,,,,,,,Siyana ,,
201,,Srungavarapukota ,,,,,,,,,,,,,,,,,,Rajpur ,Parner ,,,,,,,,,,,,Sonbhadra ,,
202,,Sudhimalla ,,,,,,,,,,,,,,,,,,Ratlam ,Parola ,,,,,,,,,,,,Soraon ,,
203,,Sullarpet ,,,,,,,,,,,,,,,,,,Rehli ,Parseoni ,,,,,,,,,,,,Sultanpur ,,
204,,Tadepalligudem ,,,,,,,,,,,,,,,,,,Rewa ,Partur ,,,,,,,,,,,,Tanda ,,
205,,Tadipatri ,,,,,,,,,,,,,,,,,,Sabalgarh ,Patan ,,,,,,,,,,,,Tarabganj ,,
206,,Tanduru ,,,,,,,,,,,,,,,,,,Sagar ,Pathardi ,,,,,,,,,,,,Tilhar ,,
207,,Tanuku ,,,,,,,,,,,,,,,,,,Sailana ,Pathari ,,,,,,,,,,,,Unnao ,,
208,,Tekkali ,,,,,,,,,,,,,,,,,,Sanwer ,Patoda ,,,,,,,,,,,,Utraula ,,
209,,Tenali ,,,,,,,,,,,,,,,,,,Sarangpur ,Pauni ,,,,,,,,,,,,Varanasi ,,
210,,Thungaturthy ,,,,,,,,,,,,,,,,,,Sardarpur ,Peint ,,,,,,,,,,,,Zamania ,,
211,,Tirivuru ,,,,,,,,,,,,,,,,,,Satna ,Pen ,,,,,,,,,,,,,,
212,,Tirupathi ,,,,,,,,,,,,,,,,,,Saunsar ,Phaltan ,,,,,,,,,,,,,,
213,,Tuni ,,,,,,,,,,,,,,,,,,Sehore ,Pimpalner ,,,,,,,,,,,,,,
214,,Udaygiri ,,,,,,,,,,,,,,,,,,Sendhwa ,Pirangut ,,,,,,,,,,,,,,
215,,Ulvapadu ,,,,,,,,,,,,,,,,,,Seondha ,Poladpur ,,,,,,,,,,,,,,
216,,Uravakonda ,,,,,,,,,,,,,,,,,,Seoni ,Pune ,,,,,,,,,,,,,,
217,,Utnor ,,,,,,,,,,,,,,,,,,Seonimalwa ,Pusad ,,,,,,,,,,,,,,
218,,V.R. Puram ,,,,,,,,,,,,,,,,,,Shahdol ,Pusegaon ,,,,,,,,,,,,,,
219,,Vaimpalli ,,,,,,,,,,,,,,,,,,Shahnagar ,Radhanagar ,,,,,,,,,,,,,,
220,,Vayalpad ,,,,,,,,,,,,,,,,,,Shahpur ,Rahuri ,,,,,,,,,,,,,,
221,,Venkatgiri ,,,,,,,,,,,,,,,,,,Shajapur ,Raigad ,,,,,,,,,,,,,,
222,,Venkatgirikota ,,,,,,,,,,,,,,,,,,Sheopur ,Rajapur ,,,,,,,,,,,,,,
223,,Vijayawada ,,,,,,,,,,,,,,,,,,Sheopurkalan ,Rajgurunagar ,,,,,,,,,,,,,,
224,,Vikrabad ,,,,,,,,,,,,,,,,,,Shivpuri ,Rajura ,,,,,,,,,,,,,,
225,,Vinjamuru ,,,,,,,,,,,,,,,,,,Shujalpur ,Ralegaon ,,,,,,,,,,,,,,
226,,Vinukonda ,,,,,,,,,,,,,,,,,,Sidhi ,Ramtek ,,,,,,,,,,,,,,
227,,Visakhapatnam ,,,,,,,,,,,,,,,,,,Sihora ,Ratnagiri ,,,,,,,,,,,,,,
228,,Vizayanagaram ,,,,,,,,,,,,,,,,,,Silwani ,Raver ,,,,,,,,,,,,,,
229,,Vizianagaram ,,,,,,,,,,,,,,,,,,Singrauli ,Risod ,,,,,,,,,,,,,,
230,,Vuyyuru ,,,,,,,,,,,,,,,,,,Sirmour ,Roha ,,,,,,,,,,,,,,
231,,Wanaparthy ,,,,,,,,,,,,,,,,,,Sironj ,Sakarwadi ,,,,,,,,,,,,,,
232,,Warangal ,,,,,,,,,,,,,,,,,,Sitamau ,Sakoli ,,,,,,,,,,,,,,
233,,Wardhannapet ,,,,,,,,,,,,,,,,,,Sohagpur ,Sakri ,,,,,,,,,,,,,,
234,,Yelamanchili ,,,,,,,,,,,,,,,,,,Sondhwa ,Salekasa ,,,,,,,,,,,,,,
235,,Yelavaram ,,,,,,,,,,,,,,,,,,Sonkatch ,Samudrapur ,,,,,,,,,,,,,,
236,,Yeleswaram ,,,,,,,,,,,,,,,,,,Susner ,Sangamner ,,,,,,,,,,,,,,
237,,Yellandu ,,,,,,,,,,,,,,,,,,Tamia ,Sanganeshwar ,,,,,,,,,,,,,,
238,,Yellanuru ,,,,,,,,,,,,,,,,,,Tarana ,Sangli ,,,,,,,,,,,,,,
239,,Yellareddy ,,,,,,,,,,,,,,,,,,Tendukheda ,Sangola ,,,,,,,,,,,,,,
240,,Yerragondapalem ,,,,,,,,,,,,,,,,,,Teonthar ,Sanguem ,,,,,,,,,,,,,,
241,,Zahirabad ,,,,,,,,,,,,,,,,,,Thandla ,Saoner ,,,,,,,,,,,,,,
242,,,,,,,,,,,,,,,,,,,,Tikamgarh ,Saswad ,,,,,,,,,,,,,,
243,,,,,,,,,,,,,,,,,,,,Timarani ,Satana ,,,,,,,,,,,,,,
244,,,,,,,,,,,,,,,,,,,,Udaipura ,Satara ,,,,,,,,,,,,,,
245,,,,,,,,,,,,,,,,,,,,Ujjain ,Sawantwadi ,,,,,,,,,,,,,,
246,,,,,,,,,,,,,,,,,,,,Umaria ,Seloo ,,,,,,,,,,,,,,
247,,,,,,,,,,,,,,,,,,,,Umariapan ,Shahada ,,,,,,,,,,,,,,
248,,,,,,,,,,,,,,,,,,,,Vidisha ,Shahapur ,,,,,,,,,,,,,,
249,,,,,,,,,,,,,,,,,,,,Vijayraghogarh ,Shahuwadi ,,,,,,,,,,,,,,
250,,,,,,,,,,,,,,,,,,,,Waraseoni ,Shevgaon ,,,,,,,,,,,,,,
251,,,,,,,,,,,,,,,,,,,,Zhirnia ,Shirala ,,,,,,,,,,,,,,
252,,,,,,,,,,,,,,,,,,,,,Shirol ,,,,,,,,,,,,,,
253,,,,,,,,,,,,,,,,,,,,,Shirpur ,,,,,,,,,,,,,,
254,,,,,,,,,,,,,,,,,,,,,Shirur ,,,,,,,,,,,,,,
255,,,,,,,,,,,,,,,,,,,,,Shirwal ,,,,,,,,,,,,,,
256,,,,,,,,,,,,,,,,,,,,,Sholapur ,,,,,,,,,,,,,,
257,,,,,,,,,,,,,,,,,,,,,Shri Rampur ,,,,,,,,,,,,,,
258,,,,,,,,,,,,,,,,,,,,,Shrigonda ,,,,,,,,,,,,,,
259,,,,,,,,,,,,,,,,,,,,,Shrivardhan ,,,,,,,,,,,,,,
260,,,,,,,,,,,,,,,,,,,,,Sillod ,,,,,,,,,,,,,,
261,,,,,,,,,,,,,,,,,,,,,Sinderwahi ,,,,,,,,,,,,,,
262,,,,,,,,,,,,,,,,,,,,,Sindhudurg ,,,,,,,,,,,,,,
263,,,,,,,,,,,,,,,,,,,,,Sindkheda ,,,,,,,,,,,,,,
264,,,,,,,,,,,,,,,,,,,,,Sindkhedaraja ,,,,,,,,,,,,,,
265,,,,,,,,,,,,,,,,,,,,,Sinnar ,,,,,,,,,,,,,,
266,,,,,,,,,,,,,,,,,,,,,Sironcha ,,,,,,,,,,,,,,
267,,,,,,,,,,,,,,,,,,,,,Soyegaon ,,,,,,,,,,,,,,
268,,,,,,,,,,,,,,,,,,,,,Surgena ,,,,,,,,,,,,,,
269,,,,,,,,,,,,,,,,,,,,,Talasari ,,,,,,,,,,,,,,
270,,,,,,,,,,,,,,,,,,,,,Talegaon S.Ji Pant ,,,,,,,,,,,,,,
271,,,,,,,,,,,,,,,,,,,,,Taloda ,,,,,,,,,,,,,,
272,,,,,,,,,,,,,,,,,,,,,Tasgaon ,,,,,,,,,,,,,,
273,,,,,,,,,,,,,,,,,,,,,Thane ,,,,,,,,,,,,,,
274,,,,,,,,,,,,,,,,,,,,,Tirora ,,,,,,,,,,,,,,
275,,,,,,,,,,,,,,,,,,,,,Tiwasa ,,,,,,,,,,,,,,
276,,,,,,,,,,,,,,,,,,,,,Trimbak ,,,,,,,,,,,,,,
277,,,,,,,,,,,,,,,,,,,,,Tuljapur ,,,,,,,,,,,,,,
278,,,,,,,,,,,,,,,,,,,,,Tumsar ,,,,,,,,,,,,,,
279,,,,,,,,,,,,,,,,,,,,,Udgir ,,,,,,,,,,,,,,
280,,,,,,,,,,,,,,,,,,,,,Umarkhed ,,,,,,,,,,,,,,
281,,,,,,,,,,,,,,,,,,,,,Umrane ,,,,,,,,,,,,,,
282,,,,,,,,,,,,,,,,,,,,,Umrer ,,,,,,,,,,,,,,
283,,,,,,,,,,,,,,,,,,,,,Urlikanchan ,,,,,,,,,,,,,,
284,,,,,,,,,,,,,,,,,,,,,Vaduj ,,,,,,,,,,,,,,
285,,,,,,,,,,,,,,,,,,,,,Velhe ,,,,,,,,,,,,,,
286,,,,,,,,,,,,,,,,,,,,,Vengurla ,,,,,,,,,,,,,,
287,,,,,,,,,,,,,,,,,,,,,Vijapur ,,,,,,,,,,,,,,
288,,,,,,,,,,,,,,,,,,,,,Vita ,,,,,,,,,,,,,,
289,,,,,,,,,,,,,,,,,,,,,Wada ,,,,,,,,,,,,,,
290,,,,,,,,,,,,,,,,,,,,,Wai ,,,,,,,,,,,,,,
291,,,,,,,,,,,,,,,,,,,,,Walchandnagar ,,,,,,,,,,,,,,
292,,,,,,,,,,,,,,,,,,,,,Wani ,,,,,,,,,,,,,,
293,,,,,,,,,,,,,,,,,,,,,Wardha ,,,,,,,,,,,,,,
294,,,,,,,,,,,,,,,,,,,,,Warlydwarud ,,,,,,,,,,,,,,
295,,,,,,,,,,,,,,,,,,,,,Warora ,,,,,,,,,,,,,,
296,,,,,,,,,,,,,,,,,,,,,Washim ,,,,,,,,,,,,,,
297,,,,,,,,,,,,,,,,,,,,,Wathar ,,,,,,,,,,,,,,
298,,,,,,,,,,,,,,,,,,,,,Yavatmal ,,,,,,,,,,,,,,
299,,,,,,,,,,,,,,,,,,,,,Yawal ,,,,,,,,,,,,,,
300,,,,,,,,,,,,,,,,,,,,,Yeola ,,,,,,,,,,,,,,
301,,,,,,,,,,,,,,,,,,,,,Yeotmal ,,,,,,,,,,,,,,
